text,disease
itchy red patch elbow knee keep coming back,psoriasis
skin thick silvery scale scalp flake lot,psoriasis
red inflamed skin white flaky buildup arm,psoriasis
get painful cracked skin hand during winter red plaque,psoriasis
dry scaly patch behind ear very itchy,psoriasis
nail become pitted separating nail bed,psoriasis
thick red patch covered silvery white scale lower back,psoriasis
widespread red scaly plaque trunk limb,psoriasis
small drop shaped red spot appeared suddenly torso after throat infection,psoriasis
itchy burning sensation red patch shin,psoriasis
persistent flaky scalp thick crust go away regular shampoo,psoriasis
red patch well defined border knee,psoriasis
painful cracking skin between finger red scaly patch,psoriasis
elbow rough raised red patch bleed scratch,psoriasis
symmetric red scaly patch both knee elbow,psoriasis
thick white scale flake constantly scalp,psoriasis
red raised patch forearm silvery coating,psoriasis
skin crack bleeds palm dry scaly plaque,psoriasis
noticed red patch forming along hairline silvery flake,psoriasis
itchy red spot leg thick scaly buildup,psoriasis
toenail thick discolored crumbling psoriasis,psoriasis
painful red patch armpit fold crack move,psoriasis
scaly red patch appeared chest after stressful period,psoriasis
white flaky patch eyebrow look like dandruff thicker,psoriasis
coin shaped red plaque arm leg silver scale,psoriasis
burning itchy patch back neck thick scale,psoriasis
red patch belly button area scaly white buildup,psoriasis
entire back covered large red scaly patch,psoriasis
small red dot all over body appeared after strep throat,psoriasis
thick scaly patch foot sol crack hurt walking,psoriasis
dry red patch forehead keep flaking no matter,psoriasis
get inverse psoriasis groin fold smooth red patch,psoriasis
silvery white plaque upper arm raised rough,psoriasis
red scaly rash ear bleeds easily irritated,psoriasis
stiff sore joint along red scaly skin patch knee,psoriasis
scalp very thick white buildup come big flake,psoriasis
red irritated skin patch around navel silvery scaling,psoriasis
patch raised red skin thigh white dry flake,psoriasis
get psoriasis flare ups red itchy patch stressed,psoriasis
widespread silvery scale covering large part leg arm,psoriasis
cracked bleeding skin heel thick scaly patch,psoriasis
red patch around eye fine silvery scale,psoriasis
thick reddish patch shoulder itch after showering,psoriasis
fingernail tiny dent turning yellowish,psoriasis
red scaly skin ankle flare cold weather,psoriasis
dry patchy skin wrist well defined red border,psoriasis
large thick plaque buttock silver white coating,psoriasis
itchy red lesion elbow worsen drink alcohol,psoriasis
flaky white patch chin underlying redness,psoriasis
psoriatic patch knuckle crack bleed dry air,psoriasis
small pimple face oily skin,acne
forehead covered blackhead whitehead,acne
get painful cystic bump chin every month,acne
red inflamed bump cheek pu,acne
back lot pimple scarring old breakout,acne
oily skin small raised bump all over forehead,acne
deep painful nodule under skin jawline,acne
lot tiny bump nose visible pore,acne
recurring breakout temple hairline area,acne
chest acne red bump occasional whitehead,acne
comedo papule across zone area,acne
pu filled pimple shoulder upper back,acne
hormonal breakout along jawline deep cyst,acne
small flesh colored bump forehead go away,acne
face get very oily midday develop new pimple,acne
cluster small red bump chin tender touch,acne
wake new pimple every morning mostly cheek,acne
blackhead along side nose enlarged pore,acne
neck painful red bump sometimes leave dark scar,acne
white pu bump forehead along oily shiny skin,acne
large painful lump under skin cheek come head,acne
upper arm tiny rough bump look like goosebump,acne
acne flare ups around period deep bump chin jaw,acne
red angry looking pimple back hurt lean chair,acne
multiple whitehead chin area keep coming back,acne
dark spot scar left behind after pimple heal face,acne
skin break every time eat dairy product bump face,acne
clogged pore nose chin blackhead inflammation,acne
get acne buttock red painful bump,acne
tiny closed comedo covering cheek make skin look bumpy,acne
inflamed red pimple jawline leave purple mark,acne
shoulder break small pu filled pimple summer,acne
hard painful bump under skin near ear week,acne
lot small bump under skin forehead called fungal acne,acne
red swollen pimple tip nose very painful,acne
constant breakout chest area whitehead red bump,acne
itchy dry skin crease elbow,eczema
red rashy patch baby cheek ooze sometimes,eczema
hand extremely dry cracked itchy especially winter,eczema
itchy bumpy rash behind knee get worse night,eczema
dry flaky patch eyelid red irritated,eczema
rough textured skin upper arm like chicken skin,eczema
weeping blister finger crust over itch terribly,eczema
red irritated patch neck fold get worse sweat,eczema
skin feel tight burn apply moisturizer affected area,eczema
chronic itchy rash ankle leaf dark mark,eczema
dry scaly patch wrist intense itching,eczema
child red itchy patch face scalp since infancy,eczema
skin thickening darkening inner elbow constant scratching,eczema
very dry skin all over body patch flare periodically,eczema
itchy patch weep clear fluid scratch,eczema
rough bumpy patch back arm feel like sandpaper,eczema
baby crusty yellow patch scalp behind ear,eczema
extremely itchy rash crease knee elbow night,eczema
dry cracked skin lip peel sting,eczema
hand develop tiny itchy blister pop ooze clear fluid,eczema
dark thickened skin neck year scratching itch,eczema
red itchy rash around eye make eyelid swollen,eczema
scratch skin raw night itching intense,eczema
circular dry patch cheek feel rough scaly,eczema
finger crack bleed winter very dry irritated skin,eczema
red inflamed skin armpit crease weeps sting,eczema
dry itchy patch shin leave ashy white mark,eczema
eczema flare whenever use scented soap lotion,eczema
small itchy vesicle side finger warm weather,eczema
crusty oozing rash behind toddler ear keep returning,eczema
very dry rough skin back knee constant urge scratch,eczema
red irritated patch inner thigh skin rub together,eczema
eyelid swollen dry flaky redness come go,eczema
itchy red rash hand get worse wash dish,eczema
thick leathery patch ankle rubbing scratching over year,eczema
circular red ring shaped rash arm,ringworm
itchy round patch raised edge clear center thigh,ringworm
scaly ring shaped spot appearing chest,ringworm
red circular lesion neck expanding outward,ringworm
got ring shaped itchy spot after playing stray cat,ringworm
multiple circular red patch stomach flaky border,ringworm
itchy ring groin area spread sweat,ringworm
scalp bald patch scaly red border,ringworm
round itchy patch between toe peeling skin,ringworm
circular rash forearm small blister along edge,ringworm
expanding ring shaped lesion back itch,ringworm
red scaly ring face near beard area,ringworm
jock itch circular red patch inner thigh,ringworm
itchy circular rash child scalp hair loss area,ringworm
round patch raised scaly border appeared wrist,ringworm
itchy red ring upper arm started small keep growing,ringworm
peeling skin between toe redness burning sensation,ringworm
caught skin infection gym circular red rash,ringworm
round red lesion forearm healing center active edge,ringworm
child developed circular bald spot scalp after touching puppy,ringworm
itchy rash groin fold distinct ring pattern,ringworm
red circular spot shoulder appeared after using shared gym equipment,ringworm
flaky scaly ring calf itch sweat,ringworm
foot cracked peeling skin between toe red patch,ringworm
annular red lesion abdomen slightly raised border,ringworm
ring shaped rash chest spreading two week,ringworm
athlete foot itchy peeling skin cracking between toe,ringworm
multiple ring shaped red spot appeared back after wrestling practice,ringworm
circular patch jawline tiny bump along edge,ringworm
itchy red ring wrist spread warm humid weather,ringworm
scaly round patch thigh get bigger every few day,ringworm
red expanding circle arm dry flaky skin center,ringworm
noticed round itchy lesion neck after sharing towel,ringworm
ring like rash elbow appeared after contact infected pet,ringworm
circular red patch both arm slightly raised scaly,ringworm
white patch skin hand no pigment,vitiligo
loss skin color patch around mouth eye,vitiligo
white depigmented spot appearing arm spreading slowly,vitiligo
hair turning white small patch scalp,vitiligo
symmetrical white patch both knee,vitiligo
noticed pale white spot face very visible,vitiligo
skin fingertip lost all color turned completely white,vitiligo
white patch chest back growing over month,vitiligo
depigmented area around eye look lighter rest face,vitiligo
white milky patch elbow wrist,vitiligo
large area skin losing color torso,vitiligo
white patch appeared genitals inner thigh,vitiligo
skin patch melanin seems completely gone,vitiligo
premature graying hair along white skin patch face,vitiligo
small white spot leg slowly expanding merging,vitiligo
pale colorless patch back hand appeared gradually,vitiligo
lip lost pigment turned lighter area,vitiligo
white patch neck become more obvious after sun exposure,vitiligo
depigmented spot shin spreading calf,vitiligo
patch white skin forehead near hairline,vitiligo
eyelash turned white one small area along skin around,vitiligo
completely white patch ankle year,vitiligo
irregular shaped white patch upper back spreading slowly,vitiligo
loss color skin around nostril corner mouth,vitiligo
noticed white spot foot not tan sun,vitiligo
underarms developed pale white patch both side,vitiligo
depigmented ring around mole arm growing wider,vitiligo
white patch scalp causing white hair grow area,vitiligo
skin hand foot losing color symmetrically both side,vitiligo
large area white skin abdomen without pigment,vitiligo
milky white patch behind ear expanding,vitiligo
gradual loss skin color elbow creating pale smooth patch,vitiligo
white spot wrist merged larger patch over time,vitiligo
beard area patch hair grows white skin pale,vitiligo
depigmented patch knuckle finger joint both hand,vitiligo
face turn very red flushed especially center face,rosacea
visible blood vessel cheek nose,rosacea
nose cheek get very red after drinking hot beverage,rosacea
bumpy red skin forehead visible vein,rosacea
face burn sting apply skincare product,rosacea
persistent redness across nose cheek never go away,rosacea
small red pu filled bump cheek look like acne,rosacea
eye feel dry irritated along facial redness,rosacea
flushing face triggered spicy food sun exposure,rosacea
thickening skin nose enlarged pore redness,rosacea
red bump chin forehead visible spider vein,rosacea
face turn beet red warm environment stressed,rosacea
swollen red nose bumpy texture broken blood vessel,rosacea
sensitive facial skin reacts wind cold alcohol,rosacea
central face redness papule pustule cheek,rosacea
facial redness get worse eat spicy food drink wine,rosacea
notice tiny red vein appearing cheek side nose,rosacea
face feel hot prickly especially afternoon sun,rosacea
bumpy red patch chin flare temperature change,rosacea
red irritated eye swollen lid along red facial skin,rosacea
cheek always look sunburned even though sun,rosacea
rough bumpy texture nose enlarged pore permanent redness,rosacea
get red blotchy patch face exercise feel embarrassed,rosacea
small pimple like bump forehead not regular acne,rosacea
face feel like fire after using most skincare product,rosacea
watery irritated eye crusty eyelid red flushed cheek,rosacea
visible network small blood vessel across entire nose,rosacea
face flush bright red drink type alcohol,rosacea
constant redness bridge nose inner cheek,rosacea
grainy bumpy texture cheek underlying redness stinging,rosacea
nose become bulbous red thickened bumpy skin,rosacea
red flushing forehead cheek triggered hot shower,rosacea
dry gritty feeling eye combined facial redness across cheek,rosacea
persistent central face redness look like butterfly pattern,rosacea
skin get red itchy after touching certain metal like nickel,contact_dermatitis
developed rash new watch band touch wrist,contact_dermatitis
blistering rash hand after using new cleaning product,contact_dermatitis
red itchy patch necklace sits neck,contact_dermatitis
skin reacted badly new laundry detergent red bump everywhere,contact_dermatitis
itchy blister foot new shoe,contact_dermatitis
red swollen eyelid after using new eye makeup,contact_dermatitis
got rash arm after touching poison ivy garden,contact_dermatitis
hand crack peel constant handwashing sanitizer use,contact_dermatitis
rash under ring finger wedding ring sits,contact_dermatitis
red streaky rash arm after gardening without glove,contact_dermatitis
burning sensation redness scalp after using hair dye,contact_dermatitis
itchy rash earlobe wearing cheap earring,contact_dermatitis
face broke rash after trying new facial cream,contact_dermatitis
dry peeling irritated skin hand latex glove use work,contact_dermatitis
red bumpy rash wrist exactly fitness tracker band sits,contact_dermatitis
hand get raw red washing harsh industrial soap work,contact_dermatitis
itchy red rash neck new perfume started wearing,contact_dermatitis
blister swelling foot after wearing rubber sandal,contact_dermatitis
eyelid became puffy red after trying new mascara brand,contact_dermatitis
red rash stomach belt buckle rub skin,contact_dermatitis
got blistery rash hand after handling new brand cement,contact_dermatitis
itchy red patch leg after shaving new shaving cream,contact_dermatitis
underarms developed burning rash after switching deodorant brand,contact_dermatitis
swollen itchy lip after using new lipstick,contact_dermatitis
red irritated skin hand rubber glove touch wrist,contact_dermatitis
skin peel crack fingertip handling cardboard all day,contact_dermatitis
rash chest metal pendant necklace,contact_dermatitis
itchy blister palm after using new hand sanitizer daily,contact_dermatitis
red patch wrist appeared within hour wearing leather strap,contact_dermatitis
burning red skin face after applying sunscreen never used before,contact_dermatitis
hand peeling cracking after using bleach without glove,contact_dermatitis
rash shaped exactly like adhesive bandage wore arm,contact_dermatitis
swollen red patch ankle new ankle bracelet,contact_dermatitis
widespread itchy rash after swimming chlorinated pool,contact_dermatitis
suddenly got red raised welt all over body very itchy,hives
itchy swollen patch skin come go within hour,hives
large red hive appeared arm after eating shellfish,hives
skin raised bump turn white press,hives
welt face neck after taking new medication,hives
itchy wheal torso keep appearing different spot,hives
break hive whenever exercise get hot,hives
red blotchy patch all over leg appeared overnight,hives
swollen itchy bump hand last few hour disappear,hives
get hive arm under lot stress,hives
raised red patch irregular border chest back,hives
allergic welt covering torso after taking antibiotic,hives
skin swell large puffy wheal itch intensely,hives
random itchy bump appearing disappearing different part body,hives
pressure hive forming waist belt sits tight,hives
itchy raised welt back appeared after eating peanut,hives
whole body break hive get cold,hives
large swollen blotch thigh last few hour fade,hives
red itchy welt arm appear move new area within minute,hives
developed hive face throat after taking ibuprofen,hives
itchy raised patch leg come go all day long,hives
skin get puffy welted scratch pressure,hives
large red itchy patch appeared stomach within hour eating egg,hives
hive all over arm chest appear every evening fade morning,hives
tiny itchy bump covering forearm after direct sunlight,hives
red wheal back shoulder itch terribly after hot bath,hives
got swollen itchy patch all over after eating something restaurant,hives
lip swell along welt face eat certain fruit,hives
itchy hive hand wrist flare anxious,hives
large flat raised welt stomach blanch white center,hives
red blotchy hive neck appeared after wearing wool scarf,hives
get chronic hive almost every day week not find cause,hives
itchy wheal leg pop after walking cold weather,hives
red raised bump all over body appeared right after bee sting,hives
scalp very flaky yellowish greasy scale,seborrheic_dermatitis
dandruff go away no matter shampoo use,seborrheic_dermatitis
red scaly patch eyebrow around nose,seborrheic_dermatitis
greasy yellowish flake scalp itching,seborrheic_dermatitis
cradle cap infant scalp thick yellow crusty patch,seborrheic_dermatitis
flaky red skin beard area get worse stress,seborrheic_dermatitis
itchy scaly patch behind ear hairline,seborrheic_dermatitis
eyebrow white flaky patch embarrassing,seborrheic_dermatitis
redness flaking crease beside nose,seborrheic_dermatitis
greasy scale chest slight redness underneath,seborrheic_dermatitis
chronic dandruff redness itching scalp,seborrheic_dermatitis
yellow crusty patch scalp smell unpleasant,seborrheic_dermatitis
forehead hairline flaky greasy scale keep returning,seborrheic_dermatitis
red patch oily looking flake face,seborrheic_dermatitis
scaly irritated skin ear canal behind ear,seborrheic_dermatitis
yellowish oily flake fold nose itchy,seborrheic_dermatitis
mustache area red flaky patch greasy looking scale,seborrheic_dermatitis
dandruff get much worse during winter month thick flake,seborrheic_dermatitis
red itchy patch chest shape yellowish scale,seborrheic_dermatitis
flaky skin eyelid slight redness mild itching,seborrheic_dermatitis
scalp get extremely itchy produce large greasy flake stressed,seborrheic_dermatitis
yellow oily crust baby soft spot area top head,seborrheic_dermatitis
red scaly patch skin fold behind ear come go,seborrheic_dermatitis
flaking skin upper back slight itching greasiness,seborrheic_dermatitis
scalp produce thick white flake stick hair fall clothes,seborrheic_dermatitis
red irritated patch between eyebrow yellowish greasy scale,seborrheic_dermatitis
itchy flaking skin side nose look oily,seborrheic_dermatitis
greasy yellowish crust buildup scalp near ear,seborrheic_dermatitis
beard area get red flaky waxy looking scale especially cold weather,seborrheic_dermatitis
persistent dandruff like flaking eyebrow return within day treatment,seborrheic_dermatitis
red scaly patch mid chest greasy yellow flake,seborrheic_dermatitis
itchy irritated skin around nostril visible flake,seborrheic_dermatitis
scalp patch thick yellow scale hard remove,seborrheic_dermatitis
flaky red patch skin between sideburn ear,seborrheic_dermatitis
greasy looking scale forehead above eyebrow,seborrheic_dermatitis
intense itching between finger especially night,scabies
small burrow line visible wrist extreme itchiness,scabies
whole family developed itchy rash past two week,scabies
tiny red bump line hand itch terribly night,scabies
itching get much worse bedtime all over body,scabies
small pimple like bump armpit waist area severe itch,scabies
intense itch between toe wrist tiny blister,scabies
see thin gray line skin between finger,scabies
red irritated skin elbow fold constant scratching urge,scabies
child scratching constantly especially night bump wrist,scabies
extremely itchy rash belly inner thigh worse night,scabies
small raised bump tunnel visible under skin palm,scabies
severe itching night rash spreading new body part each week,scabies
crusty sore scratching intensely itchy bump between finger,scabies
itchy pimple like rash around waistline navel area,scabies
roommate both developed intense itching time,scabies
thin wavy line web space finger itch unbearably,scabies
tiny blister side finger itch mostly night,scabies
red bumpy rash lower abdomen groin itch intensely bedtime,scabies
partner both itchy rash area body,scabies
intense itching wrist between finger keep awake night,scabies
small red dot scratch mark all over arm belly constant itching,scabies
see shaped track under skin inner wrist,scabies
itchy bump around belt line underwear area worst night,scabies
pimple like spot elbow knee terrible nighttime itching,scabies
baby tiny red bump palm sol make very fussy,scabies
intense widespread itch started two week after staying hostel,scabies
bump blister crease body itch especially under warm cover,scabies
noticed track mark between toe along severe itching night,scabies
red itchy bump front wrist side hand,scabies
scratching make itching worse new bump keep appearing torso,scabies
entire family scratching tiny bump between finger wrist,scabies
unbearable itch hand foot night visible tiny burrow,scabies
small itchy nodule groin area appeared after itching started,scabies
red scabby patch elbow scratching intense itch all night,scabies
painful inflamed cyst cheek take week heal,acne
tiny whitehead along hairline notice pull hair back,acne
skin get bumpy break after wearing face mask all day,acne
open closed comedo scattered all over chin nose,acne
red angry pimple around mouth swollen tender,acne
squeeze blackhead inflamed red spot nose,acne
rough textured bumpy skin cheek never fully clear,acne
pimple pustule upper chest get worse summer heat,acne
small hard bump under skin chin feel not see,acne
cluster whitehead red bump near sideburn area,acne
nose big visible pore blackhead trapped inside,acne
acne scarring new breakout appearing time cheek,acne
deep under skin pimple forehead very painful touch,acne
greasy shiny skin face constant new pimple forming daily,acne
red itchy bump hand after using new dish soap,contact_dermatitis
thigh got rash sitting chair nickel stud,contact_dermatitis
cracked bleeding fingertip working solvent without protection,contact_dermatitis
bumpy red rash foot shaped exactly like shoe strap,contact_dermatitis
itchy red patch appeared arm after using new body wash,contact_dermatitis
baby developed diaper rash after switching new diaper brand,contact_dermatitis
puffy red skin around eye allergic reaction eye cream,contact_dermatitis
blister palm after handling certain plant garden,contact_dermatitis
red burning skin chest new body lotion tried yesterday,contact_dermatitis
got itchy rash ankle elastic band sock,contact_dermatitis
neck turned red bumpy after wearing new wool sweater,contact_dermatitis
dry flaky patch fingertip handling paper all day work,contact_dermatitis
red inflamed skin wrist watch clasp touch skin,contact_dermatitis
burning itchy rash armpit after applying new antiperspirant,contact_dermatitis
face became red swollen after facial treatment new product,contact_dermatitis
dry rough patch hand appeared after cleaning ammonia,contact_dermatitis
blistering forearm contact wild plant during hiking,eczema
toddler red scaly cheek get worse dry cold weather,eczema
small fluid filled bump side finger itch intensely,eczema
red irritated rash fold baby neck arm,eczema
leg very dry ashy patch crack become painful,eczema
itchy red rash foot flare wear certain shoe,eczema
thickened skin back hand chronic scratching,eczema
extremely dry irritated skin around mouth peel sting,eczema
inner elbow behind knee always red dry itchy,eczema
developed small itchy water blister palm sol,eczema
red bumpy rash eyelid make feel dry irritated,eczema
child wake scratching every night eczema arm,eczema
flaky dry patch hand bleed skin crack open,eczema
round coin shaped itchy patch lower leg,eczema
itchy weeping patch behind ear crust over come back,eczema
swollen red raised welt back after eating mango,hives
developed hive hand forearm after touching cat,hives
itchy red blotch torso flatten press,hives
entire body got covered welt after taking new supplement,hives
large puffy red patch back lasted four hour,hives
get small hive hand whenever handle raw flour,hives
itchy raised patch upper arm move around body during day,hives
welt thigh appeared shortly after sitting cold bench,hives
red swelling face neck after using new detergent pillowcase,hives
trunk get covered red itchy bump every time take aspirin,hives
hive appear foot ankle after standing long period,hives
large itchy wheal arm appeared after wasp sting nearby,hives
child break hive after eating strawberry,hives
raised itchy patch first appear chest spread arm,hives
hive leg torso get worse scratch,hives
red wheal across shoulder appeared after heavy backpack use,hives
round ring shaped itchy lesion leg gym shower floor,ringworm
child got circular red patch cheek after hugging friend,ringworm
dry scaly ring upper back slowly expanding over week,ringworm
itchy red spot hand clear middle bumpy raised edge,ringworm
developed ring shaped rash under waistband area,ringworm
circular scaly patch shin appeared after playing football grass,ringworm
red expanding ring forearm tiny blister outer border,ringworm
nail became thick discolored yellowish crumbly texture,ringworm
itchy round red patch appeared daughter arm after swimming class,ringworm
ring shaped lesion waist area get itchier after exercise,ringworm
red scaly circle upper arm doctor said look like tinea,ringworm
circular bald patch scalp broken hair red flaky border,ringworm
itchy ring shaped rash near groin get worse hot weather,ringworm
noticed red circle calf grew bigger over week,ringworm
round lesion chest raised border clearing center,ringworm
face feel hot tingly visible small vein under skin,rosacea
pimple like bump nose cheek no blackhead like real acne,rosacea
blush very easily face stay red long after trigger gone,rosacea
bumpy red irritated skin chin flaking tightness,rosacea
cheek network tiny broken blood vessel visible under skin,rosacea
red nose cheek stinging sensation whenever wind hit face,rosacea
recurring facial flushing small raised bump never fully clear,rosacea
eye water constantly feel gritty along red cheek,rosacea
red swollen bump around nose look inflamed sore,rosacea
forehead nose bridge always pink visible tiny capillary,rosacea
facial skin sting turn red after applying kind cream,rosacea
chronic redness chin jawline occasional pustule,rosacea
notice face get bright red whenever enter heated room,rosacea
small red papule cheek flare calm unpredictably,rosacea
nose skin thickening becoming bumpy large pore,rosacea
red flushed face warm burning feeling last hour,rosacea
itching all over body start exactly get bed night,scabies
tiny red spot between finger wrist relentless itch,scabies
child daycare all intensely itchy rash,scabies
visible zigzag line skin hand terrible nighttime itch,scabies
red bumpy rash armpit fold itch badly get warm,scabies
itchy blister sol foot between toe night,scabies
constant urge scratch wrist hand especially after hot shower,scabies
thin pencil mark like line inner wrist severe itching,scabies
red raw skin scratching between finger all night long,scabies
pimple like bump along waistband drive crazy itching night,scabies
elderly parent thick crusted patch intense itch all over body,scabies
raised red bump inner thigh groin itch unbearably after dark,scabies
small bump blister heel palm itch worse under blanket,scabies
itching week family member started itching,scabies
visible burrow track side finger intense nighttime itch,scabies
itchy flaky greasy patch scalp form thick white clump,seborrheic_dermatitis
yellow greasy crust forming fold around nose every morning,seborrheic_dermatitis
beard itch flaky red skin underneath get worse stress,seborrheic_dermatitis
stubborn dandruff scalp large oily flake constant itch,seborrheic_dermatitis
red greasy patch chest butterfly pattern yellow scale,seborrheic_dermatitis
flaking skin bridge nose inner eyebrow corner,seborrheic_dermatitis
scalp extremely itchy yellow waxy buildup along hairline,seborrheic_dermatitis
red irritated skin greasy scale crease ear,seborrheic_dermatitis
persistent flaking redness forehead nasolabial fold,seborrheic_dermatitis
baby scalp thick yellowish crusty patch spreading,seborrheic_dermatitis
greasy looking dandruff flake stuck hair hard remove,seborrheic_dermatitis
red scaly patch behind both ear get oily flaky,seborrheic_dermatitis
itchy redness flaking outer ear canal never fully clear,seborrheic_dermatitis
eyebrow area get crusty yellowish greasy flake periodically,seborrheic_dermatitis
heavy white dandruff falling shoulder no matter often wash,seborrheic_dermatitis
white patch appearing forearm contrast tan,vitiligo
noticed knuckle fingertip losing color turning white,vitiligo
pale spot neck slowly getting larger over year,vitiligo
white depigmented patch shin appeared after sunburn,vitiligo
skin around both eye become noticeably lighter rest face,vitiligo
round white spot upper arm not tan summer,vitiligo
patchy loss skin color top foot spreading ankle,vitiligo
large white patch thigh appeared six month ago,vitiligo
depigmented streak hair along white patch scalp,vitiligo
small milky white dot shoulder multiplying slowly,vitiligo
lower lip white patch pigment completely disappeared,vitiligo
symmetrical loss skin color both hand wrist over past year,vitiligo
white patch under armpit gradually expanding outward,vitiligo
noticed depigmented area around belly button keep growing,vitiligo
irregular white patch back noticed someone pointed,vitiligo
