text,disease,body_location,severity,source
itchy ring shaped patch on my arm,ringworm,arm,mild,synthetic_llm
scaly circle on thigh clearing in the middle,ringworm,thigh,mild,synthetic_llm
peeling skin between toes smells bad,ringworm,feet,moderate,synthetic_llm
bald round patch on my son's head,ringworm,scalp,moderate,synthetic_llm
jock itch wont go away,ringworm,groin,moderate,synthetic_llm
red itchy patches,ringworm,various,mild,synthetic_llm
rash on my face,ringworm,face,mild,synthetic_llm
"itchy rash in my groin after the gym, edge is red and raised and the middle looks clearer",ringworm,groin,moderate,synthetic_llm
There's a round red patch on my forearm with a scaly border and it keeps getting a little bigger every week.,ringworm,forearm,moderate,synthetic_llm
My daughter is 6 and has a bald scaly spot on her scalp with broken hairs. She has a kitten that was just adopted from a shelter. The doctor visit is next week and I am worried it will spread to her brother.,ringworm,scalp,moderate,synthetic_llm
ring on belly spreading,ringworm,abdomen,mild,synthetic_llm
my feet are so itchy between the toes and the skin is white and soggy,ringworm,feet,moderate,synthetic_llm
why is the circle on my shoulder getting bigger but clearing in the center?,ringworm,shoulder,mild,synthetic_llm
itchy patch inner thigh keeps coming back every summer,ringworm,inner thigh,moderate,synthetic_llm
flaky scalp patch hair breaking off at the surface,ringworm,scalp,moderate,synthetic_llm
"red scaly ring on dark skin, looks brownish purple at the edge and itches",ringworm,leg,moderate,synthetic_llm
Started wrestling this season and now there are two itchy red rings on my neck and one on my side. Coach says to stay off the mat. I tried hydrocortisone but it only made the edges spread more.,ringworm,neck and side,moderate,synthetic_llm
athletes foot,ringworm,feet,mild,synthetic_llm
is it normal for a round rash to be itchy at the edge but not in the middle,ringworm,various,mild,synthetic_llm
itchy red crescent shaped rash in my crotch crease not on the scrotum,ringworm,groin,moderate,synthetic_llm
got this circle thing on my arm from my dog i think its itchy,ringworm,arm,mild,synthetic_llm
"scaly patches on soles that look like moccasin shape, dry and a bit itchy",ringworm,soles,mild,synthetic_llm
"Honestly the rash looks like a little ring, red outside and kind of normal skin inside, and it has been there about two weeks.",ringworm,chest,mild,synthetic_llm
bumpy red border patch on arm after farm work,ringworm,arm,mild,synthetic_llm
"My toenail is thick and yellow and crumbly and the skin around my foot is peeling. It has been like this for months and I'm 68, so I thought it was just age.",ringworm,toenail and foot,mild,synthetic_llm
help my scalp has scaly bald circle and little black dots where hair snapped,ringworm,scalp,moderate,synthetic_llm
itchy red patches on my buttocks and inner thighs after a long hot bike ride,ringworm,groin and thighs,moderate,synthetic_llm
"round rash that wont heal with steroid cream, actually got bigger",ringworm,various,moderate,synthetic_llm
cracked peeling skin between my little toes burning when i take my socks off,ringworm,feet,moderate,synthetic_llm
new circular patch on neck from my cat?,ringworm,neck,mild,synthetic_llm
"ring shaped rash, slightly raised edge, not painful",ringworm,trunk,mild,synthetic_llm
"my teen has a tender boggy lump on his scalp with pus and hair falling out in that spot, it started as a scaly patch",ringworm,scalp,severe,synthetic_llm
itchy bumps in a circle on my wrist,ringworm,wrist,mild,synthetic_llm
been dealing with jock itch for 3 months and powder isnt helping at all. It spreads down my thigh in a half moon and the edge is red and scaly. Its embarrassing at the gym.,ringworm,groin and thigh,moderate,synthetic_llm
"red scaly spot on beard area, hairs falling out",ringworm,beard,moderate,synthetic_llm
itchy skin ring shapes on my back and no one can see them but my wife says there are three,ringworm,back,mild,synthetic_llm
"What is this round red thing on my leg that has a clear middle? Not painful, just itches.",ringworm,leg,mild,synthetic_llm
dry flaky feet that itch a lot at night,ringworm,feet,mild,synthetic_llm
ive got what looks like a coin shaped itchy patch on my hip,ringworm,hip,mild,synthetic_llm
"white scaly patches on the soles of both feet with itching between toes, got worse after my hostel shower sandals broke",ringworm,feet,moderate,synthetic_llm
scaly red rash under my breast fold with a sharper edge,ringworm,under breast,moderate,synthetic_llm
"expanding red rings on my torso, my skin is brown and the rings look darker than the rest",ringworm,torso,moderate,synthetic_llm
baby has a red scaly circle on cheek,ringworm,cheek,mild,synthetic_llm
itchy groin rash that stops before it reaches the scrotum,ringworm,groin,moderate,synthetic_llm
"Three weeks ago my husband got an athlete's foot, now I've got the same peeling itchy skin between my toes. We share the bathroom mat. I have been using lotion but it only makes it soggy.",ringworm,feet,moderate,synthetic_llm
does ringworm always look like a ring? mine is just a flat scaly patch on my leg,ringworm,leg,mild,synthetic_llm
my feet blister and peel on the arch and itch like crazy in summer,ringworm,feet,moderate,synthetic_llm
patches of thinning hair on the side of my head with grey scales,ringworm,scalp,moderate,synthetic_llm
itchy rash in skin folds that wont clear with antibiotic ointment,ringworm,skin folds,moderate,synthetic_llm
pimple like bumps in ring on my forearm after petting stray cat,ringworm,forearm,mild,synthetic_llm
i m 15 and have a flaky bald patch behind my ear that my barber noticed first,ringworm,scalp behind ear,mild,synthetic_llm
"palm of my right hand is dry scaly and itchy, left hand is fine, and my feet peel too",ringworm,hand and feet,mild,synthetic_llm
skin on my ankle has a ring with tiny bumps on the edge. Not hurting at all.,ringworm,ankle,mild,synthetic_llm
rash spreading outward in a circle on my stomach for about a month now and the middle seems to be healing,ringworm,abdomen,moderate,synthetic_llm
ringworm on my arm what cream,ringworm,arm,mild,synthetic_llm
"thick scaly patch on scalp, black people hair, hair breaking and I am 9, mom says it looks like dandruff but its round",ringworm,scalp,moderate,synthetic_llm
"After a week at the beach I noticed an itchy red half circle in my groin crease. I've been showering and drying well, but it still stings when I sweat. Tried a baby powder and it did nothing.",ringworm,groin,moderate,synthetic_llm
itchy fingers web space peeling,ringworm,hand,mild,synthetic_llm
sudden patchy hair loss on my kid with a little flaking and a lot of itching,ringworm,scalp,moderate,synthetic_llm
"round spots on my arms that look like ringed target, itchy",ringworm,arms,mild,synthetic_llm
just an itchy spot on my chin that is slowly getting circular,ringworm,chin,mild,synthetic_llm
red itchy skin in my groin and it looks worse on one side only,ringworm,groin,moderate,synthetic_llm
"cant stop scratching my toes the skin is cracked and peeling since i started wearing safety boots for my new job, and the boots are always sweaty. Foot powder helps for one day only.",ringworm,feet,moderate,synthetic_llm
scaly rash with sharp border,ringworm,various,mild,synthetic_llm
my wrestling partner has rash and now i have a ring on my shoulder,ringworm,shoulder,mild,synthetic_llm
"pregnant 6 months and noticed an itchy ring on my belly, not sure what cream is safe",ringworm,abdomen,mild,synthetic_llm
red patches in my armpit that itch,ringworm,armpit,mild,synthetic_llm
white wet peeling skin between 4th and 5th toe with cracks and a smell,ringworm,between toes,moderate,synthetic_llm
"flat scaly patch with raised pink border on my calf, no pain no oozing",ringworm,calf,mild,synthetic_llm
my grandmother's feet are very dry and scaly all over the soles and she scratches them constantly. She is 82 and diabetic so we are careful. The skin is also cracking at the heels.,ringworm,soles,moderate,synthetic_llm
how long does a ring rash last if i never treat it,ringworm,various,mild,synthetic_llm
"red ring, scaly, itchy, spreading",ringworm,various,mild,synthetic_llm
spots on scalp like dandruff but with bald areas,ringworm,scalp,moderate,synthetic_llm
bumps in a circle on my knee that itch,ringworm,knee,mild,synthetic_llm
"rash in the groin and thighs that itches worse at night, I'm overweight and sweat a lot",ringworm,groin and thighs,moderate,synthetic_llm
"My dog has a bald crusty patch and now I have a small itchy ring on my wrist, so I wonder if we share the problem.",ringworm,wrist,mild,synthetic_llm
dark itchy ring on my back that doesnt hurt,ringworm,back,mild,synthetic_llm
there is a raised red scaly border around a patch of normal looking skin on my upper arm and it gets bigger daily,ringworm,upper arm,moderate,synthetic_llm
"scalp lump soft and swollen with hair loss, kid is 7 and has a fever, had scaly patch two weeks earlier",ringworm,scalp,severe,synthetic_llm
"inflamed painful red plaque with pustules on beard, hairs come out easily. It began as a scaly circle after I visited a cattle farm. Doctor said maybe a fungal thing.",ringworm,beard,severe,synthetic_llm
"mi skin have red circle that itch on the leg, 2 weeks now",ringworm,leg,mild,synthetic_llm
itchy toes peeling pls help,ringworm,feet,mild,synthetic_llm
red patch near my armpit not itchy at all but it has a ring with a little scale,ringworm,armpit,mild,synthetic_llm
"my son's head has a round patch where hair is gone and scales stuck on it, school nurse sent a note",ringworm,scalp,moderate,synthetic_llm
keep getting this itchy ring thing every time i work out at the gym,ringworm,trunk,mild,synthetic_llm
"The rash on my inner thigh isn't painful, just very itchy, and it has a clear red edge with fine flakes on it.",ringworm,inner thigh,mild,synthetic_llm
circular itchy marks on my skin since summer camp,ringworm,various,mild,synthetic_llm
rash on my face that is itchy and a bit scaly in a circle shape,ringworm,face,mild,synthetic_llm
"cracks between toes and the sole is dry like moccasin, been like this for years and I thought it was just dry skin",ringworm,feet,mild,synthetic_llm
"red patches around waist where my belt sits, spreading outward",ringworm,waist,mild,synthetic_llm
itchy scaly patch on leg after sharing a towel with my brother,ringworm,leg,mild,synthetic_llm
Is it a fungus if the rash has a ring and my cream with steroid made it look less red but bigger?,ringworm,various,moderate,synthetic_llm
"rash going outward in a circle, nothing helps",ringworm,various,moderate,synthetic_llm
"my nails on the right hand look thick white and flaky under the edge, plus the skin of my palm is dry",ringworm,nails and hand,mild,synthetic_llm
"Two weeks of itchy red scaly rash in my groin, spreading to the inner thigh. I'm a delivery driver and sit all day in sweaty pants. Antifungal spray from the pharmacy helped a little but it came back when I stopped.",ringworm,groin and thigh,moderate,synthetic_llm
scalp is itchy with grey scaly bits and some hair broken short,ringworm,scalp,mild,synthetic_llm
ring shaped red rash on my shin that is slightly raised,ringworm,shin,mild,synthetic_llm
"blister like bumps and peeling on instep of foot, itchy",ringworm,foot instep,moderate,synthetic_llm
my skin is light brown and the circular rash looks dark brown with a scaly rim,ringworm,arm,mild,synthetic_llm
tinea corporis on my chest,ringworm,chest,mild,synthetic_llm
"coin sized scaly patch on the back of my neck, itchy",ringworm,neck,mild,synthetic_llm
rash on butt cheeks itchy with red edges,ringworm,buttocks,moderate,synthetic_llm
"scalp flaking in one round spot only, rest of my head is fine",ringworm,scalp,mild,synthetic_llm
We live on a farm and I have several round itchy patches on my hands and forearms after helping with calves. Some of them are crusty. I've been washing a lot but they keep multiplying.,ringworm,hands and forearms,moderate,synthetic_llm
swimmers in my family all have itchy peeling feet,ringworm,feet,mild,synthetic_llm
red scaly ring near my mouth that itches a bit,ringworm,face near mouth,mild,synthetic_llm
"rash with clearing centre, tiny red bumps along edge, not oozing, on my lower back",ringworm,lower back,mild,synthetic_llm
a rash started as a small spot and became a big circle over a month,ringworm,various,moderate,synthetic_llm
red itchy thing in my crotch pls what is it,ringworm,groin,moderate,synthetic_llm
"There is a round bald spot on the scalp of my 4 year old with stubs of hair and white flakes. She is not scratching much, but the spot grows each week.",ringworm,scalp,moderate,synthetic_llm
"weird circle on my stomach, my dog has been licking there",ringworm,abdomen,mild,synthetic_llm
"cracked heels and scaly sole, sometimes the sides blister",ringworm,feet,mild,synthetic_llm
it looks like a target on my hip,ringworm,hip,mild,synthetic_llm
"New dorm, shared showers, and now the skin between my toes is itchy white and peeling. I tried tea tree oil but nothing changed after a week. Its starting to crack and sting.",ringworm,between toes,moderate,synthetic_llm
"huge ring about 5 cm across on my upper back, mildly itchy, edges scaly",ringworm,upper back,moderate,synthetic_llm
"scaly red rash on the inner thigh of my 12 year old son, he plays football",ringworm,inner thigh,mild,synthetic_llm
redness and flaking around my belly button that is ring shaped and itches,ringworm,abdomen,mild,synthetic_llm
"spot on my arm looks like a ring and the middle is clear, is it contagious?",ringworm,arm,mild,synthetic_llm
red scaly circle on elbow that I thought was dry skin until it grew,ringworm,elbow,mild,synthetic_llm
"my face has a patch on one side that is red and scaly and has a defined edge, gets worse in sun",ringworm,face,mild,synthetic_llm
muscle guy at gym had ring on his chest and now I got one too,ringworm,chest,mild,synthetic_llm
"inner thigh rash is very red and raw from scratching, border is raised and scaly",ringworm,inner thigh,severe,synthetic_llm
does athletes foot make the whole sole peel or only between toes?,ringworm,feet,mild,synthetic_llm
hair loss patch gray scaly on top of head my little brother,ringworm,scalp,moderate,synthetic_llm
"mild itch, round rough patch near my ankle, started two weeks ago",ringworm,ankle,mild,synthetic_llm
annular rash with central clearing,ringworm,various,mild,synthetic_llm
"My foot skin has been peeling for ages, I assumed it was dry skin, but now the toes are red and itch badly after I take shoes off in the evening. I'm a nurse and wear closed shoes 12 hours.",ringworm,feet,moderate,synthetic_llm
rash on arm looks like it has a ring but also somewhat bumpy and itchy,ringworm,arm,mild,synthetic_llm
"my dark skin has patches that look ashy and scaly in circles, itchy",ringworm,trunk,mild,synthetic_llm
red itchy skin on the sides of my groin that heals in the center,ringworm,groin,moderate,synthetic_llm
"3 round patches appearing on my legs after hiking, itching and slightly raised",ringworm,legs,mild,synthetic_llm
"scalp patch is swollen and oozing and hair coming out in clumps, kid has swollen glands in neck",ringworm,scalp,severe,synthetic_llm
red rash spreads from armpit onto chest,ringworm,armpit and chest,moderate,synthetic_llm
what is the itchy ring on my kid's leg? we have chickens at home,ringworm,leg,mild,synthetic_llm
"peeling dry skin at the side of my foot, no itch, been there forever",ringworm,foot side,mild,synthetic_llm
"It's a circular itchy patch about the size of a coin on my wrist, and after applying clotrimazole for ten days it started clearing. Just wondering if I should keep going.",ringworm,wrist,mild,synthetic_llm
face patch scaly ring beside my nose,ringworm,face,mild,synthetic_llm
"rash all over my thighs in overlapping rings, very itchy and I cant sleep",ringworm,thighs,severe,synthetic_llm
too much sweat and now my groin is itchy red with a defined border,ringworm,groin,moderate,synthetic_llm
"feet smell and peel, between toes is raw",ringworm,feet,moderate,synthetic_llm
my little girl has scaly bald patch on her head and her pet rabbit has crusty fur. Could that be related?,ringworm,scalp,moderate,synthetic_llm
"patches with ring appearance on the arms of a teenager, brown skin, a little darker than normal and scaly",ringworm,arms,mild,synthetic_llm
been scratching a spot under my chest for a week. The rash is shaped like a half circle and the outer edge is red and rough. I have tried zinc cream with no effect.,ringworm,under chest,moderate,synthetic_llm
white thick toenail and itchy foot,ringworm,toenail and foot,mild,synthetic_llm
"lots of tiny scales on bald spot, hair snapped off at skin like black dots",ringworm,scalp,moderate,synthetic_llm
ring on my lower leg after gardening,ringworm,lower leg,mild,synthetic_llm
itchy rash that gets better in the center like a donut,ringworm,various,mild,synthetic_llm
"red stuff in my groin crease and burning when I pee on it in the shower, not on the genitals",ringworm,groin,moderate,synthetic_llm
"hello i got a rash round and red edges at my back and it is itching me much, i use the cream from shop not working",ringworm,back,mild,synthetic_llm
lol my foot has been peeling for weeks and the toes itch like mad,ringworm,feet,mild,synthetic_llm
"sudden red patches on forearm after my cat visited vet for skin issue, maybe linked",ringworm,forearm,mild,synthetic_llm
My teenage son came back from wrestling camp with an itchy scaly ring on his cheek and another on his shoulder. We tried a moisturizer and nothing happened. He is embarrassed to go to school.,ringworm,cheek and shoulder,mild,synthetic_llm
"red flaky skin on inner thighs, not painful but annoying itch",ringworm,inner thighs,mild,synthetic_llm
sore itchy toes with white soggy skin,ringworm,feet,moderate,synthetic_llm
expanding patch on my thigh with red scaly edge and also a few small ones nearby,ringworm,thigh,moderate,synthetic_llm
skin ring but not itchy at all,ringworm,various,mild,synthetic_llm
Weird that my one palm and both feet are scaly while the other hand is clean. Dermatology appointment is in a month and I'd like to understand what this could be.,ringworm,hand and feet,mild,synthetic_llm
itchy patch inside my elbow that looks round with a red edge,ringworm,elbow,mild,synthetic_llm
scalp scales and patchy bald area in a 10 yo girl with braids,ringworm,scalp,moderate,synthetic_llm
why does my groin itch only on one side and the edge is sharp?,ringworm,groin,moderate,synthetic_llm
"rash similar to a ring around my ankle, slightly raised",ringworm,ankle,mild,synthetic_llm
"my husband and i both have athlete foot, got it from the gym pool deck",ringworm,feet,mild,synthetic_llm
"The patch started on my thigh the size of a penny and now it is as big as a palm. It's pink at the edge, kind of scaly, and itches especially after I shower.",ringworm,thigh,moderate,synthetic_llm
"pink ring with raised border on my arm, I'm 70 and live with a cat",ringworm,arm,mild,synthetic_llm
"cant tell if its eczema or something else, round patch on arm with edges that are sharper than the middle",ringworm,arm,mild,synthetic_llm
yeasty smelling itchy feet and flaking skin in between toes,ringworm,feet,moderate,synthetic_llm
gym rash on groin and a ring on my chest,ringworm,groin and chest,moderate,synthetic_llm
bald scaly circle on head of toddler,ringworm,scalp,moderate,synthetic_llm
small itchy scaly spot on the back of my hand,ringworm,hand,mild,synthetic_llm
a red ring with white scales has been on my shoulder blade for a month and a half. It does not hurt. I tried aloe and coconut oil but it just kept growing outward.,ringworm,shoulder blade,mild,synthetic_llm
"itching all around the groin and inner thigh, skin brown and thickened from scratching, edge is darker",ringworm,groin and thigh,moderate,synthetic_llm
"red bumpy ring on my cheek, kids at school have same",ringworm,cheek,mild,synthetic_llm
"my toes have peeled so much that the skin looks raw and I get stinging in the shower, I walk barefoot at the pool all the time",ringworm,feet,moderate,synthetic_llm
"dandruff like patch that is not shedding evenly, only one spot, and hair thin",ringworm,scalp,mild,synthetic_llm
does this look contagious? circle shaped red rash with flakes at the edge on my side,ringworm,side,mild,synthetic_llm
"my beard area has crusty red patch, hairs loose, doctor mentioned fungal infection from animals",ringworm,beard,severe,synthetic_llm
"bumps that make a ring on my leg, they dont hurt",ringworm,leg,mild,synthetic_llm
"rash got big, has ring shape, im scared its something serious",ringworm,various,moderate,synthetic_llm
After my pregnancy I noticed itchy red patches under my breasts and in my groin folds. It looks scaly on the edges and the sweat makes it worse. Not sure which cream is okay while breastfeeding.,ringworm,under breasts and groin,moderate,synthetic_llm
"itchy flaky skin between toes, only on my right foot",ringworm,right foot,mild,synthetic_llm
red circle on my back that i cant see but my girlfriend noticed it,ringworm,back,mild,synthetic_llm
gray patch with hair stumps on scalp,ringworm,scalp,moderate,synthetic_llm
"slightly raised ring shaped plaque on my torso, mostly clear in the middle",ringworm,torso,mild,synthetic_llm
scratchy skin on my foot that peels in sheets,ringworm,foot,mild,synthetic_llm
my pet guinea pig has bald spots and I now have an itchy round patch on my arm,ringworm,arm,mild,synthetic_llm
"unusual itchy round patches on my face and neck, my skin is dark brown and they look lighter and scaly",ringworm,face and neck,mild,synthetic_llm
"red itchy rash on both inner thighs spreading toward the butt, worse in humid weather, creams for diaper rash didnt help",ringworm,inner thighs and buttocks,moderate,synthetic_llm
"hair falls out in patches and the scalp is scaly, my cousin had it too",ringworm,scalp,moderate,synthetic_llm
sore red rash between toes after wearing wet sneakers all week at a festival,ringworm,between toes,moderate,synthetic_llm
ring shaped itchy skin lesion,ringworm,various,mild,synthetic_llm
"scaling around the edge of a patch on my calf, middle has normal skin, been there for 3 weeks",ringworm,calf,mild,synthetic_llm
"help, it spreads when i scratch it and the circle keeps growing",ringworm,various,moderate,synthetic_llm
one itchy red patch on my arm that is a bit raised,ringworm,arm,mild,synthetic_llm
"I'm a 45 year old truck driver, long hours in boots. Feet are peeling, cracked and itchy in the arch, and now the groin is itchy too. I think it spread from my feet when I put on my underwear.",ringworm,feet and groin,moderate,synthetic_llm
"round red rash on baby's tummy, parents have a cat",ringworm,abdomen,mild,synthetic_llm
just a scaly bald spot and my hair there is short stubs,ringworm,scalp,moderate,synthetic_llm
"itching between toes better after antifungal, back again when stopped",ringworm,between toes,mild,synthetic_llm
"rash in circles on arms and legs with scaly rim, im a wrestler",ringworm,arms and legs,moderate,synthetic_llm
"my groin is irritated and red with a sharp edge, and I dont have any burning, just constant itch",ringworm,groin,moderate,synthetic_llm
"itchy scaly ring on my lower belly that my doctor friend said looks fungal",ringworm,abdomen,mild,synthetic_llm
